date,sprint,issue,title,status,hours
2026-10-05,Sprint 0,33,Create a DB Diagram,Done,0.0
2026-10-05,Sprint 0,35,Create base project on Android Studio,Done,2.0
2026-10-05,Sprint 0,26,Point 7 of the document,Done,4.0
2026-10-05,Sprint 0,31,Search technologies to use,In preview,6.0
2026-10-05,Sprint 0,34,Create a presentation,In preview,5.0
2026-10-05,Sprint 0,9,Create Project Documentation - Sprint 0,In preview,8.0
2026-10-05,Sprint 0,2,Create a Burndown Burnup and velocity Chart ,Done,2.0
2026-10-05,Sprint 0,1,Create KanBan Board,Done,0.0
2026-10-05,Sprint 0,25,Implement features and automations to kanban project,Done,1.0
2026-10-05,Sprint 0,3,How does it work Pipeline,Todo,0.0
2026-10-05,Sprint 0,27,Point 1 of 7,Done,5.0
2026-10-05,Sprint 0,28,Point 4 and 5,Done,0.0
2026-10-05,Sprint 0,29,Point 2 of 7,Done,5.0
2026-10-05,Sprint 0,30,Point 3 and 6,In Progress,0.0
